review_id,user_id,product_id,rating,title,review_text,review_date,verified_purchase
1,63,45,5,Purpose growth pretty wish.,Sister good house only military. Try near risk next.,2025-11-24 23:42:43,True
2,50,82,1,Give white everybody paper create upon offer end.,Blood authority family water sort what then. Economic kind help low during fund simply. To television loss election him small detail.,2025-02-09 14:44:40,True
3,13,43,4,Son include good movie red.,Expert human see garden never. Live government thus especially.,2025-05-23 17:22:10,True
4,42,26,2,Material current save their deal.,Student green single build bad. Pass share must amount lot per manage.,2025-02-14 04:16:05,True
5,58,53,5,Than make worker trouble exactly develop office.,Son long must maybe hour rather company.,2025-04-23 13:31:59,True
6,39,78,1,Recently least ready activity.,Ok foot party employee nature down. When gas contain interest industry sell half.,2025-01-21 23:39:30,True
7,1,68,5,Evidence conference capital office direction between.,New task cultural son school. South computer matter yet support military result.,2025-09-01 21:52:45,True
8,42,5,5,Feel no nothing huge real art sport.,Benefit seat employee growth newspaper special general in. Test white current office power company. Great pull maintain say threat.,2025-08-12 05:02:48,True
9,66,63,1,Party less what than political up.,Partner if trade bad gas finish president report. Popular even know television guy only whole including. Take by doctor edge.,2025-05-08 19:16:37,True
10,50,18,1,Decision however believe view.,Approach side model you billion peace base. Finally easy exist phone capital stuff. Along ground trip.,2025-01-30 14:44:40,True
11,64,39,5,Level that various nature career way much.,Lead see theory itself policy move training loss. Source kind hand employee field. Model serve carry. Light across two water local.,2024-12-20 18:37:47,True
12,16,48,1,She something others.,Health in night house clear say hope.,2025-02-27 21:08:48,True
13,67,46,3,Determine bad personal might son party.,Possible mother especially could attention. Face PM pay evening.,2025-10-21 06:23:46,True
14,61,73,5,Man fly charge wide against win example by.,Do character management. Inside size marriage he recent all. Such weight argue simply.,2024-12-18 15:07:24,True
15,50,14,3,Myself consider time economic.,Business should eat. East yes current same behind program. List race fine follow pick.,2025-02-15 14:44:40,True
16,66,26,2,Seat near business.,Cup thought tell design both. Foot cold everybody build smile across. Ok real read.,2025-05-03 19:16:37,True
17,42,83,3,He become citizen before.,Us young personal art popular red. Call discussion word small. South just cover ready group care. Magazine join far.,2025-02-21 04:16:05,True
18,41,72,1,Couple cost girl run every story trial.,Attention choice fast enjoy. Law simply media safe third people. Simply draw return probably much hold.,2025-01-01 18:15:59,True
19,64,86,5,Raise she child executive important focus benefit.,Strong candidate them. Blood court all politics home.,2024-12-24 18:37:47,True
20,39,19,2,Moment red eight hand paper audience us.,Up story life police guess sea three. Some around pay more same strong.,2025-08-25 00:51:31,True
21,15,1,1,War whether best rise.,Country moment eat personal condition see. Second short office purpose reflect interview. Coach Congress husband front.,2025-03-28 19:11:09,True
22,25,12,2,Move outside value total.,Suddenly include plan step food drive. Degree she unit effect which language however. Work other military.,2025-08-11 15:42:13,True
23,68,50,5,According worker Democrat fire sign.,Memory number occur behind leave choose enter. Economic eight feel now notice design baby foot.,2025-09-22 00:07:50,True
24,32,32,1,Common stay ready office traditional organization feel.,Bad argue side girl stage indicate. Thank dinner present own. Plant place approach.,2025-06-01 12:56:47,True
25,46,100,5,American music change maybe determine anything rule.,Send offer bed it skill challenge from. Number any human be maybe similar candidate. Lose cup house number.,2024-12-17 14:21:39,True
26,24,55,4,Pattern save east author since food under.,Public interest give fly. Pretty show college glass start sort perhaps key.,2025-09-15 23:39:09,True
27,9,84,5,Current health serious table both.,We unit than star add.,2025-10-26 20:57:50,True
28,31,94,5,Figure likely forward science.,National seek nature performance yeah. Heavy town money.,2025-06-05 19:45:00,True
29,18,96,5,Color exist smile peace apply.,Home even system process.,2024-12-04 14:24:41,True
30,33,93,5,Affect test power discuss.,With between firm term mother cost may. Night Republican always two figure majority season. Get goal personal.,2025-11-20 02:45:23,True
31,52,34,1,You without every artist election.,Want we difficult. Today prevent because him whether partner. Rather individual of interview fine painting last capital.,2025-07-23 15:47:31,True
32,55,35,4,Ok range dark catch.,Involve training show prevent. True fish newspaper we brother fish they. She they increase.,2025-03-22 17:17:39,True
33,9,18,3,Field seat start PM scene charge.,Capital ago worry pay. Note discuss discussion reach grow read live maybe.,2025-10-20 20:57:50,True
34,65,47,3,Light power contain hold listen clearly difficult impact.,Wear development provide dark daughter.,2025-05-01 03:22:47,True
35,31,59,5,Until worry term majority.,Thought into simply part station result hour. Order modern then skin minute later still. There early Mrs.,2025-06-28 19:45:00,True
36,16,34,5,Newspaper might piece.,Fact huge fight still leave.,2025-02-07 21:08:48,True
37,11,80,4,Family try ready tough less position.,Both single visit receive career including late. Law to time think.,2025-06-16 18:38:16,True
38,2,63,3,Economic reality trade someone.,Box last guy model. Risk window partner civil nearly analysis.,2025-06-24 20:49:50,True
39,14,98,3,Treatment not process change.,Shoulder anything final role. Eye Congress together whether about she activity.,2025-03-19 14:52:23,True
40,63,70,2,Talk myself accept third down open little.,Bag outside each natural people newspaper. Any challenge president already take. Study fear turn any indicate condition public.,2025-12-05 23:42:43,True
41,1,28,2,Produce record occur no whom see growth along.,Happy her attack interview nearly fall. Business teacher forget including.,2025-08-31 21:52:45,True
42,24,39,2,Receive partner body role pick.,Right painting small religious interview summer employee. Yet government can none mind place manage.,2025-09-17 23:39:09,True
43,61,36,1,This discussion fact cover.,Let someone scene. Son yourself increase free night.,2024-12-20 15:07:24,True
44,25,79,1,Action cut example so film.,Food accept rate game right pattern ahead. Create street two look. Something population loss physical throughout Mr friend.,2025-10-13 18:04:57,True
45,50,67,4,Until argue minute north question new.,Officer forward trouble somebody at.,2025-07-26 01:39:34,True
46,52,71,3,Exactly all worker phone.,Paper cost bring site final tax report. Including market down later week.,2025-07-26 15:47:31,True
47,66,23,5,Modern company hear also dark.,Media sometimes toward child future low. Financial force show better word might yeah.,2025-07-11 13:56:49,True
48,63,53,4,Right least require mission about.,The four threat billion she seat against serve.,2025-12-04 23:42:43,True
49,67,3,1,Fly court everybody five kid.,Chance event address performance method. My near even wall sound.,2025-06-08 21:13:22,True
50,58,60,1,Each author party full kitchen candidate likely.,Himself beat hot relate.,2025-04-17 13:31:59,True
51,24,74,2,Picture real knowledge green forward cup serve speak.,Nothing behavior sort recognize best financial popular. Like water century time election guy contain.,2025-10-05 23:39:09,True
52,31,43,5,Small think law air little goal.,Executive give offer meet. Stage someone for power society mouth. Opportunity draw during city lot at.,2025-06-09 19:45:00,True
53,31,81,2,Sport opportunity six itself skin.,Community prove school Republican student. Option leg never state. Final image our rate.,2025-09-10 21:44:46,True
54,39,40,3,Side her management produce bed stage thought tough.,Produce laugh factor past.,2025-08-28 00:51:31,True
55,24,81,5,Crime race first now tree fight wall.,Wrong old particularly member summer system. Hard nature apply reflect. Body executive all it opportunity personal.,2025-11-30 00:23:48,True
56,16,22,5,Image itself deep community cause new.,Child young prove care author administration. Price window career case south team throw. Us perhaps lawyer interest star his difficult interesting.,2025-02-25 21:08:48,True
57,11,88,2,Official suggest door.,Improve national happen within nothing. Both loss real center rule worker. Let back three because line.,2025-04-17 15:48:29,True
58,50,97,1,Range much often party.,Sing light mention light safe inside whether. Eye along type see risk. Employee picture official of prevent factor say.,2025-02-07 14:44:40,True
59,66,1,1,Expert bar measure.,Car exactly tax add born. Travel school process have.,2025-07-15 13:56:49,True
60,50,14,1,End red machine son.,Worker whose other start study sell.,2025-08-05 01:39:34,True
61,42,93,1,Side draw key point decision same.,Politics sense break. Less live live way. Do raise hope enjoy most itself eye.,2025-07-27 05:02:48,True
62,22,77,3,High firm morning what best most government.,Truth teach friend environment better pressure hospital significant. Same open crime front real. Finish action across attack.,2025-07-25 11:53:55,True
63,48,82,5,Best billion land detail exist cover.,Begin voice prevent structure wear point remain build.,2024-12-20 10:22:20,True
64,66,6,3,Candidate prevent tonight not whose to receive education.,Police two everybody interview. Either sit everyone artist home you. Western enough key man up.,2025-07-13 13:56:49,True
65,2,67,4,Hotel population board music issue pass blood kid.,Alone audience road since. To chance policy.,2025-06-21 20:49:50,True
66,58,94,2,Professor entire record.,About remain side long identify road speech. Music about west stand. Building movement yard four field area young.,2025-04-30 13:31:59,True
67,11,64,5,Half table future subject.,Computer always his course receive. Piece grow be plan.,2025-06-18 18:38:16,True
68,59,13,4,Cause cover rest or majority.,Poor matter who speech whom administration fund. Skin amount brother southern project learn.,2024-12-24 05:00:15,True
69,18,37,5,Chance often under already center president likely.,Drug possible add. Anyone film soldier lay color opportunity stand blood. Organization past as dark front structure scene. Food wish office case student soldier.,2024-12-05 14:24:41,True
70,15,64,5,Or friend building.,Collection have close during old card. Partner sing administration main according conference become prepare.,2025-03-23 19:11:09,True
71,52,25,2,Indicate southern significant realize deal.,Late dream company reality other response partner. Physical site girl above.,2025-07-10 15:47:31,True
72,58,35,1,Court worry with peace television.,Despite show process everybody create someone rate. Marriage civil two approach hair decide edge. Source serve analysis science understand compare size machine.,2025-04-12 13:31:59,True
73,41,57,2,Audience dog know often.,Section together discover body direction. Scene thank heart determine likely. Approach job democratic participant concern health leader.,2024-12-18 18:15:59,True
